,ESG_DISCLOSURE_SCORE,ENVIRON_DISCLOSURE_SCORE,SOCIAL_DISCLOSURE_SCORE,GOVNCE_DISCLOSURE_SCORE,ALTMAN_Z_SCORE,TOBIN_Q_RATIO,RETURN_ON_ASSET,RETURN_COM_EQY,SALES_REV_TURN,IS_EPS,FNCL_LVRG,BOOK_VAL_PER_SH,PX_TO_BOOK_RATIO,NET_WORTH_GROWTH,TOT_DEBT_TO_COM_EQY,LIQUIDITY,Year only
count,7984.0,7520.0,7984.0,7984.0,7984.0,7984.0,7984.0,7968.0,7984.0,7984.0,7968.0,7984.0,7968.0,7984.0,7968.0,7982.0,7984.0
mean,28.857065293086173,8.710679175531915,11.236246605711422,67.81312885771544,6.610098509519039,2.961529346192385,6.95759261022044,12.825688880522089,106403.14065379511,59.72209227204408,4.628990763052209,31322.49782462425,5.110130170682731,20.546904008016032,241.5534168674699,1.8584968395994952,2015.5
std,13.527948523743714,18.189693487939035,14.880305539859421,15.042725129628602,20.761557921764897,8.847177283512744,13.824538503594585,36.87519008834111,402555.90025606815,2407.793658878653,25.011995271645585,2171797.3380132667,30.86554812921849,115.03607086688355,3089.7896095437854,8.298083432353783,4.610060943908596
min,-70.7711,-141.0995,-87.9719,-138.9324,-51.4997,-39.5268,-315.6658,-613.2877,-184413.6774,-17268.5981,-50.8424,-14454.2767,-918.6522,-6151.3513,-12838.6536,-296.29368154812556,2008.0
25%,21.0542,0.4228,0.0,59.8736,1.7462,1.054775,2.364725,6.6519,8476.0499,2.312025,1.576875,27.120225,1.129175,4.4609000000000005,8.184650000000001,1.042441853704799,2011.75
50%,27.3514,2.8005,8.8573,69.8722,3.166,1.5676,6.2749500000000005,14.417449999999999,22013.874499999998,8.16,2.1988,69.4344,2.32335,12.68445,45.53715,1.4222521726196704,2015.5
75%,35.33345,13.99125,20.0726,78.5972,6.655925,2.903325,12.041825000000001,22.4842,58651.1,21.5931,3.2849,165.578375,4.84635,23.2728,113.6917,2.1329791640006754,2019.25
max,76.9842,81.1839,69.8912,107.345,527.8388,285.8336,107.8281,411.2185,8778350.0,207491.3544,812.7592,192556080.2834,566.6242,2338.2611,93840.0314,531.1509990390076,2023.0
